Model,Top-1 Accuracy,Top-3 Accuracy,Sequence Similarity
MCMC Preference Model,0.6729957805907173,0.8533755274261603,0.8136173198440511
Markov Transition,0.6318565400843882,0.8217299578059072,0.7939895320200607
User Most Frequent,0.4166666666666667,0.7225738396624473,0.44309358115203235
Global Popularity,0.13291139240506328,0.41561181434599154,0.11817461515897852
