Model,Top-1 Accuracy,Top-3 Accuracy,Sequence Similarity
MCMC Preference Model,0.4813218390804598,0.6472701149425287,0.8732908541419181
Markov Transition,0.47413793103448276,0.6084770114942529,0.8829528233783555
User Most Frequent,0.16666666666666666,0.45330459770114945,0.1592282028452241
Global Popularity,0.1285919540229885,0.35129310344827586,0.1200937950937951
